{
  "hash": "b0e74fb7",
  "configHash": "8763abb4",
  "lockfileHash": "37307e49",
  "browserHash": "48fbcfbb",
  "optimized": {
    "@angular/common": {
      "src": "../../../../../../node_modules/@angular/common/fesm2022/common.mjs",
      "file": "@angular_common.js",
      "fileHash": "4b91588d",
      "needsInterop": false
    },
    "@angular/common/http": {
      "src": "../../../../../../node_modules/@angular/common/fesm2022/http.mjs",
      "file": "@angular_common_http.js",
      "fileHash": "35057cbb",
      "needsInterop": false
    },
    "@angular/core": {
      "src": "../../../../../../node_modules/@angular/core/fesm2022/core.mjs",
      "file": "@angular_core.js",
      "fileHash": "0fc0ffb7",
      "needsInterop": false
    },
    "@angular/forms": {
      "src": "../../../../../../node_modules/@angular/forms/fesm2022/forms.mjs",
      "file": "@angular_forms.js",
      "fileHash": "1a12c084",
      "needsInterop": false
    },
    "@angular/platform-browser": {
      "src": "../../../../../../node_modules/@angular/platform-browser/fesm2022/platform-browser.mjs",
      "file": "@angular_platform-browser.js",
      "fileHash": "1a8b265b",
      "needsInterop": false
    },
    "@angular/router": {
      "src": "../../../../../../node_modules/@angular/router/fesm2022/router.mjs",
      "file": "@angular_router.js",
      "fileHash": "c4af78c5",
      "needsInterop": false
    },
    "ngx-pagination": {
      "src": "../../../../../../node_modules/ngx-pagination/fesm2020/ngx-pagination.mjs",
      "file": "ngx-pagination.js",
      "fileHash": "7ebcd242",
      "needsInterop": false
    },
    "@ng-select/ng-select": {
      "src": "../../../../../../node_modules/@ng-select/ng-select/fesm2022/ng-select-ng-select.mjs",
      "file": "@ng-select_ng-select.js",
      "fileHash": "292028cb",
      "needsInterop": false
    }
  },
  "chunks": {
    "chunk-PH4HVCFK": {
      "file": "chunk-PH4HVCFK.js"
    },
    "chunk-OHB667FI": {
      "file": "chunk-OHB667FI.js"
    },
    "chunk-V77RGOXP": {
      "file": "chunk-V77RGOXP.js"
    },
    "chunk-OESXJ2WA": {
      "file": "chunk-OESXJ2WA.js"
    },
    "chunk-PYE3H76Z": {
      "file": "chunk-PYE3H76Z.js"
    },
    "chunk-V3EL6LAV": {
      "file": "chunk-V3EL6LAV.js"
    }
  }
}